{"ABU DHABI": [24.4538352, 54.3774014], "ADELAIDE": [-34.9281805, 138.5999312], "AUSTRALIAN OPEN": [null, null], "BAD HOMBURG": [50.2363508, 8.5980265], "BASTAD": [56.4267895, 12.8607151], "BELGRADE": [44.8178131, 20.4568974], "BERLIN": [52.510885, 13.3989367], "BIRMINGHAM": [52.4796992, -1.9026911], "BOGOTA": [4.6533816, -74.0836333], "BOL": [43.2605186, 16.6520192], "BUDAPEST": [47.48138955, 19.14609412691246], "BUENOS AIRES": [-34.6083696, -58.4440583], "CHARLESTON": [32.7884363, -79.9399309], "CHICAGO": [41.8755616, -87.6244212], "CINCINNATI": [39.1014537, -84.5124602], "CLEVELAND": [41.4996574, -81.6936772], "CLUJ-NAPOCA": [46.769379, 23.5899542], "DOHA": [25.2856329, 51.5264162], "DUBAI": [25.074282349999997, 55.18853865430702], "EASTBOURNE": [50.7664372, 0.2781546], "GDYNIA": [54.5164982, 18.5402738], "GUADALAJARA": [20.6720375, -103.338396], "HAMBURG": [53.550341, 10.000654], "INDIAN WELLS": [33.7217965, -116.338303], "ISTANBUL": [41.006381, 28.9758715], "LAUSANNE": [46.5218269, 6.6327025], "MADRID": [40.4167047, -3.7035825], "MIAMI": [25.7741728, -80.19362], "MONTERREY": [25.6802019, -100.315258], "MONTEVIDEO": [-34.9058916, -56.1913095], "MONTREAL": [45.5031824, -73.5698065], "NOTTINGHAM": [52.9534193, -1.1496461], "OLYMPICS": [8.9066436, 76.6663607], "PALERMO": [38.1112268, 13.3524434], "PARMA": [44.6952006, 10.097986896904466], "PORTOROZ": [45.5146489, 13.5910112], "PRAGUE": [50.0596288, 14.446459273258009], "ROME": [41.8933203, 12.4829321], "SAINT-MALO": [48.649518, -2.0260409], "SAN JOSE": [37.3361663, -121.890591], "STRASBOURG": [48.584614, 7.7507127], "TENERIFE": [28.2935785, -16.621447121144122], "WTA FINALS": [null, null], "BARI": [41.1257843, 16.8620293], "BUCHAREST": [44.4361414, 26.1027202], "CHENNAI": [13.0836939, 80.270186], "COLINA": [-20.711443, -48.53867], "CONCORD": [43.207178, -71.537476], "CONTREXEVILLE": [48.180496, 5.8946281], "GAIBA": [44.946179, 11.480207], "GRANBY": [45.3990409, -72.721834], "IASI": [47.1615598, 27.5837814], "KARLSRUHE": [49.0068705, 8.4034195], "MAKARSKA": [43.2939756, 17.020242], "MARBELLA": [36.508976, -4.88562], "MELBOURNE": [-37.8142454, 144.9631732], "MONASTIR": [35.7707582, 10.8280511], "PARIS": [48.8588897, 2.3200410217200766], "RABAT": [34.02236, -6.8340222], "ROLAND GARROS": [44.8613342, -0.6266693], "S'HERTOGENBOSCH": [51.6889387, 5.303116], "SAINT MALO": [48.649518, -2.0260409], "SAN DIEGO": [32.7174202, -117.162772], "SEOUL": [37.5666791, 126.9782914], "SYDNEY": [-33.8698439, 151.2082848], "TAMPICO": [41.6324811, -89.7850393], "TOKYO": [35.6768601, 139.7638947], "TORONTO": [43.6534817, -79.3839347], "US OPEN": [36.5691897, -121.9500379], "VALENCIA": [39.4697065, -0.3763353], "VANCOUVER": [49.2608724, -123.113952], "WARSAW": [52.2319581, 21.0067249], "WASHINGTON DC": [38.8950368, -77.0365427], "WIMBLEDON": [51.4214787, -0.2064027], "AUCKLAND": [-36.852095, 174.7631803], "AUSTIN": [30.2711286, -97.7436995], "BARRANQUILLA": [11.0101922, -74.8231794084391], "BEIJING": [40.190632, 116.412144], "CALI": [3.4519988, -76.5325259], "FLORENCE": [43.7697955, 11.2556404], "FLORIANOPOLIS": [-27.5973002, -48.5496098], "GUANGZHOU": [23.1301964, 113.2592945], "HOBART": [-42.8825088, 147.3281233], "HONG KONG": [22.350627, 114.1849161], "HUA HIN": [12.5699326, 99.9573437], "KOZERKI": [52.0902969, 20.5887195], "LA BISBAL D'EMPORD\u00c1": [41.9598687, 3.039616], "LJUBLJANA": [46.0500268, 14.5069289], "MIDLAND": [31.83688, -102.0103767], "M\u00c9RIDA": [38.9174665, -6.3443977], "NANCHANG": [28.6472124, 116.0348483], "NINGBO": [29.8622194, 121.6203873], "OSAKA": [34.6937569, 135.5014539], "REUS": [41.1555564, 1.1076133], "SAN LUIS POTOSI": [22.5000001, -100.4949145], "STANFORD": [37.427467, -122.1702445], "UNITED CUP": [45.092365, -75.3552165], "ZHENGZHOU": [34.7533392, 113.6599983], "ZHUHAI": [22.07045535, 113.7209194273619], "ANTALYA": [36.8865728, 30.7030242], "BRISBANE": [-27.4689682, 153.0234991], "CANBERRA": [-35.2975906, 149.1012676], "LLEIDA": [41.6147605, 0.6267842], "MERIDA": [38.9174665, -6.3443977], "MONTREUX": [46.4310831, 6.9129921], "MUMBAI": [19.054999, 72.8692035], "OEIRAS": [38.6925777, -9.3123076], "SANTA CRUZ": [28.467178, -16.2507843], "WUHAN": [30.5951051, 114.2999353], "null": [44.933143, 7.540121]}